"Id","category","white","red","black","pink","beige","blue","grey","purple","yellow","brown","check","stripe","skirt","pants","shorts"
"b3","[‘beige', 'shorts’]",0,0,0,0,1,0,0,0,0,0,0,0,0,0,1
"b4","[‘black', 'skirt’]",0,0,1,0,0,0,0,0,0,0,0,0,1,0,0
"b5","[‘blue', 'pants’]",0,0,0,0,0,1,0,0,0,0,0,0,0,1,0
"b6","[‘blue', 'pants’]",0,0,0,0,0,1,0,0,0,0,0,0,0,1,0
"b7","[‘blue', 'skirt’]",0,0,0,0,0,1,0,0,0,0,0,0,1,0,0
"b8","[‘check', 'shorts’]",0,0,0,0,0,0,0,0,0,0,1,0,0,0,1
"b9","[‘blue', 'pants’]",0,0,0,0,0,1,0,0,0,0,0,0,0,1,0
"b10","[‘blue', 'shorts’]",0,0,0,0,0,1,0,0,0,0,0,0,0,0,1
"b12","[‘beige', 'pants’]",0,0,0,0,1,0,0,0,0,0,0,0,0,1,0
"b15","[‘blue', 'pants’]",0,0,0,0,0,1,0,0,0,0,0,0,0,1,0
"b16","[‘blue', 'pants’]",0,0,0,0,0,1,0,0,0,0,0,0,0,1,0
"b17","[‘stripe', 'shorts’]",0,0,0,0,0,0,0,0,0,0,0,1,0,0,1
"b18","[‘blue', 'shorts’]",0,0,0,0,0,1,0,0,0,0,0,0,0,0,1
"b19","[‘pink', 'pants’]",0,0,0,1,0,0,0,0,0,0,0,0,0,1,0
"b20","[‘blue', 'pants’]",0,0,0,0,0,1,0,0,0,0,0,0,0,1,0
"b21","[‘black', 'pants’]",0,0,1,0,0,0,0,0,0,0,0,0,0,1,0
"b22","[‘white', 'skirt’]",1,0,0,0,0,0,0,0,0,0,0,0,1,0,0
"b23","[‘black', 'pants’]",0,0,1,0,0,0,0,0,0,0,0,0,0,1,0
"b24","[‘pink', 'pants’]",0,0,0,1,0,0,0,0,0,0,0,0,0,1,0
"b25","[‘red', 'pants’]",0,1,0,0,0,0,0,0,0,0,0,0,0,1,0
"b26","[‘beige', 'skirt’]",0,0,0,0,1,0,0,0,0,0,0,0,1,0,0
"b27","[‘blue', 'pants’]",0,0,0,0,0,1,0,0,0,0,0,0,0,1,0
"b28","[‘blue', 'pants’]",0,0,0,0,0,1,0,0,0,0,0,0,0,1,0
"b29","[‘black', 'pants’]",0,0,1,0,0,0,0,0,0,0,0,0,0,1,0
"b30","[‘purple', 'pants’]",0,0,0,0,0,0,0,1,0,0,0,0,0,1,0
"b31","[‘check', 'skirt’]",0,0,0,0,0,0,0,0,0,0,1,0,1,0,0
"b32","[‘check', 'skirt’]",0,0,0,0,0,0,0,0,0,0,1,0,1,0,0
"b33","[‘blue', 'pants’]",0,0,0,0,0,1,0,0,0,0,0,0,0,1,0
"b34","[‘black', 'pants’]",0,0,1,0,0,0,0,0,0,0,0,0,0,1,0
"b35","[‘black', 'pants’]",0,0,1,0,0,0,0,0,0,0,0,0,0,1,0
"b36","[‘pink', 'shorts’]",0,0,0,1,0,0,0,0,0,0,0,0,0,0,1
"b37","[‘grey', 'shorts’]",0,0,0,0,0,0,1,0,0,0,0,0,0,0,1
"b38","[‘beige', 'pants’]",0,0,0,0,1,0,0,0,0,0,0,0,0,1,0
"b39","[‘red', 'pants’]",0,1,0,0,0,0,0,0,0,0,0,0,0,1,0
"b40","[‘blue', 'pants’]",0,0,0,0,0,1,0,0,0,0,0,0,0,1,0
"b41","[‘grey', 'shorts’]",0,0,0,0,0,0,1,0,0,0,0,0,0,0,1
"b42","[‘red', 'shorts’]",0,1,0,0,0,0,0,0,0,0,0,0,0,0,1
"b43","[‘blue', 'shorts’]",0,0,0,0,0,1,0,0,0,0,0,0,0,0,1
"b44","[‘blue', 'pants’]",0,0,0,0,0,1,0,0,0,0,0,0,0,1,0
"b45","[‘blue', 'shorts’]",0,0,0,0,0,1,0,0,0,0,0,0,0,0,1
"b46","[‘white', 'pants’]",1,0,0,0,0,0,0,0,0,0,0,0,0,1,0
"b47","[‘white', 'shorts’]",1,0,0,0,0,0,0,0,0,0,0,0,0,0,1
"b49","[‘blue', 'shorts’]",0,0,0,0,0,1,0,0,0,0,0,0,0,0,1
"b50","[‘grey', 'skirt’]",0,0,0,0,0,0,1,0,0,0,0,0,1,0,0
"b52","[‘check', 'pants’]",0,0,0,0,0,0,0,0,0,0,1,0,0,1,0
"b53","[‘red', 'shorts’]",0,1,0,0,0,0,0,0,0,0,0,0,0,0,1
"b54","[‘red', 'shorts’]",0,1,0,0,0,0,0,0,0,0,0,0,0,0,1
"b55","[‘blue', 'shorts’]",0,0,0,0,0,1,0,0,0,0,0,0,0,0,1
"b56","[‘blue', 'shorts’]",0,0,0,0,0,1,0,0,0,0,0,0,0,0,1
"b57","[‘blue', 'shorts’]",0,0,0,0,0,1,0,0,0,0,0,0,0,0,1
"b59","[‘blue', 'pants’]",0,0,0,0,0,1,0,0,0,0,0,0,0,1,0
"b61","[‘grey', 'shorts’]",0,0,0,0,0,0,1,0,0,0,0,0,0,0,1
"b62","[‘white', 'pants’]",1,0,0,0,0,0,0,0,0,0,0,0,0,1,0
"b63","[‘pink', 'skirt’]",0,0,0,1,0,0,0,0,0,0,0,0,1,0,0
"b64","[‘black', 'skirt’]",0,0,1,0,0,0,0,0,0,0,0,0,1,0,0
"b66","[‘yellow', 'pants’]",0,0,0,0,0,0,0,0,1,0,0,0,0,1,0
"b67","[‘blue', 'pants’]",0,0,0,0,0,1,0,0,0,0,0,0,0,1,0
"b68","[‘pink', 'pants’]",0,0,0,1,0,0,0,0,0,0,0,0,0,1,0
"b69","[‘brown', 'skirt’]",0,0,0,0,0,0,0,0,0,1,0,0,1,0,0
"b70","[‘brown', 'skirt’]",0,0,0,0,0,0,0,0,0,1,0,0,1,0,0
"b71","[‘white', 'shorts’]",1,0,0,0,0,0,0,0,0,0,0,0,0,0,1
"b72","[‘black', 'pants’]",0,0,1,0,0,0,0,0,0,0,0,0,0,1,0
"b73","[‘black', 'shorts’]",0,0,1,0,0,0,0,0,0,0,0,0,0,0,1
"b74","[‘blue', 'shorts’]",0,0,0,0,0,1,0,0,0,0,0,0,0,0,1
"b75","[‘black', 'shorts’]",0,0,1,0,0,0,0,0,0,0,0,0,0,0,1
"b76","[‘yellow', 'skirt’]",0,0,0,0,0,0,0,0,1,0,0,0,1,0,0
"b77","[‘blue', 'shorts’]",0,0,0,0,0,1,0,0,0,0,0,0,0,0,1
"b78","[‘stripe', 'pants’]",0,0,0,0,0,0,0,0,0,0,0,1,0,1,0
"b79","[‘blue', 'pants’]",0,0,0,0,0,1,0,0,0,0,0,0,0,1,0
"b80","[‘black', 'skirt’]",0,0,1,0,0,0,0,0,0,0,0,0,1,0,0
"b81","[‘black', 'shorts’]",0,0,1,0,0,0,0,0,0,0,0,0,0,0,1
"b82","[‘check', 'pants’]",0,0,0,0,0,0,0,0,0,0,1,0,0,1,0
"b83","[‘black', 'skirt’]",0,0,1,0,0,0,0,0,0,0,0,0,1,0,0
"b84","[‘white', 'skirt’]",1,0,0,0,0,0,0,0,0,0,0,0,1,0,0
"b85","[‘yellow', 'pants’]",0,0,0,0,0,0,0,0,1,0,0,0,0,1,0
"b86","[‘white', 'pants’]",1,0,0,0,0,0,0,0,0,0,0,0,0,1,0
"b87","[‘blue', 'pants’]",0,0,0,0,0,1,0,0,0,0,0,0,0,1,0
"b88","[‘blue', 'shorts’]",0,0,0,0,0,1,0,0,0,0,0,0,0,0,1
"b89","[‘black', 'pants’]",0,0,1,0,0,0,0,0,0,0,0,0,0,1,0
"b90","[‘black', 'skirt’]",0,0,1,0,0,0,0,0,0,0,0,0,1,0,0
"b91","[‘red', 'pants’]",0,1,0,0,0,0,0,0,0,0,0,0,0,1,0
"b92","[‘black', 'shorts’]",0,0,1,0,0,0,0,0,0,0,0,0,0,0,1
"b93","[‘grey', 'pants’]",0,0,0,0,0,0,1,0,0,0,0,0,0,1,0
"b94","[‘black', 'shorts’]",0,0,1,0,0,0,0,0,0,0,0,0,0,0,1
"b95","[‘grey', 'pants’]",0,0,0,0,0,0,1,0,0,0,0,0,0,1,0
"b96","[‘black', 'skirt’]",0,0,1,0,0,0,0,0,0,0,0,0,1,0,0
"b97","[‘stripe', 'pants’]",0,0,0,0,0,0,0,0,0,0,0,1,0,1,0
"b98","[‘stripe', 'skirt’]",0,0,0,0,0,0,0,0,0,0,0,1,1,0,0
"b99","[‘white', 'pants’]",1,0,0,0,0,0,0,0,0,0,0,0,0,1,0
"b100","[‘grey', 'shorts’]",0,0,0,0,0,0,1,0,0,0,0,0,0,0,1
"b102","[‘black', 'shorts’]",0,0,1,0,0,0,0,0,0,0,0,0,0,0,1
"b103","[‘stripe', 'pants’]",0,0,0,0,0,0,0,0,0,0,0,1,0,1,0
"b104","[‘red', 'pants’]",0,1,0,0,0,0,0,0,0,0,0,0,0,1,0
"b105","[‘black', 'pants’]",0,0,1,0,0,0,0,0,0,0,0,0,0,1,0
"b106","[‘blue', 'pants’]",0,0,0,0,0,1,0,0,0,0,0,0,0,1,0
"b107","[‘pink', 'shorts’]",0,0,0,1,0,0,0,0,0,0,0,0,0,0,1
"b108","[‘grey', 'pants’]",0,0,0,0,0,0,1,0,0,0,0,0,0,1,0
"b109","[‘black', 'pants’]",0,0,1,0,0,0,0,0,0,0,0,0,0,1,0
"b110","[‘grey', 'pants’]",0,0,0,0,0,0,1,0,0,0,0,0,0,1,0
"b111","[‘black', 'shorts’]",0,0,1,0,0,0,0,0,0,0,0,0,0,0,1
"b112","[‘blue', 'shorts’]",0,0,0,0,0,1,0,0,0,0,0,0,0,0,1
"b113","[‘blue', 'pants’]",0,0,0,0,0,1,0,0,0,0,0,0,0,1,0
"b114","[‘black', 'pants’]",0,0,1,0,0,0,0,0,0,0,0,0,0,1,0
"b115","[‘black', 'shorts’]",0,0,1,0,0,0,0,0,0,0,0,0,0,0,1
"b116","[‘red', 'shorts’]",0,1,0,0,0,0,0,0,0,0,0,0,0,0,1
"b117","[‘red', 'pants’]",0,1,0,0,0,0,0,0,0,0,0,0,0,1,0
"b118","[‘blue', 'pants’]",0,0,0,0,0,1,0,0,0,0,0,0,0,1,0
"b119","[‘black', 'pants’]",0,0,1,0,0,0,0,0,0,0,0,0,0,1,0
"b120","[‘grey', 'pants’]",0,0,0,0,0,0,1,0,0,0,0,0,0,1,0
"b121","[‘blue', 'pants’]",0,0,0,0,0,1,0,0,0,0,0,0,0,1,0
"b122","[‘beige', 'pants’]",0,0,0,0,1,0,0,0,0,0,0,0,0,1,0
"b123","[‘blue', 'pants’]",0,0,0,0,0,1,0,0,0,0,0,0,0,1,0
"b124","[‘black', 'skirt’]",0,0,1,0,0,0,0,0,0,0,0,0,1,0,0
"b125","[‘black', 'pants’]",0,0,1,0,0,0,0,0,0,0,0,0,0,1,0
"b126","[‘black', 'skirt’]",0,0,1,0,0,0,0,0,0,0,0,0,1,0,0
"b127","[‘black', 'pants’]",0,0,1,0,0,0,0,0,0,0,0,0,0,1,0
"b128","[‘black', 'skirt’]",0,0,1,0,0,0,0,0,0,0,0,0,1,0,0
"b129","[‘black', 'skirt’]",0,0,1,0,0,0,0,0,0,0,0,0,1,0,0
"b130","[‘black', 'shorts’]",0,0,1,0,0,0,0,0,0,0,0,0,0,0,1
"b131","[‘grey', 'pants’]",0,0,0,0,0,0,1,0,0,0,0,0,0,1,0
"b132","[‘check', 'shorts’]",0,0,0,0,0,0,0,0,0,0,1,0,0,0,1
"b133","[‘stripe', 'shorts’]",0,0,0,0,0,0,0,0,0,0,0,1,0,0,1
"b134","[‘blue', 'pants’]",0,0,0,0,0,1,0,0,0,0,0,0,0,1,0
"b135","[‘beige', 'skirt’]",0,0,0,0,1,0,0,0,0,0,0,0,1,0,0
"b136","[‘blue', 'pants’]",0,0,0,0,0,1,0,0,0,0,0,0,0,1,0
"b137","[‘black', 'shorts’]",0,0,1,0,0,0,0,0,0,0,0,0,0,0,1
"b138","[‘blue', 'pants’]",0,0,0,0,0,1,0,0,0,0,0,0,0,1,0
"b139","[‘black', 'pants’]",0,0,1,0,0,0,0,0,0,0,0,0,0,1,0
"b140","[‘black', 'pants’]",0,0,1,0,0,0,0,0,0,0,0,0,0,1,0
"b141","[‘black', 'pants’]",0,0,1,0,0,0,0,0,0,0,0,0,0,1,0
"b142","[‘blue', 'pants’]",0,0,0,0,0,1,0,0,0,0,0,0,0,1,0
"b143","[‘blue', 'shorts’]",0,0,0,0,0,1,0,0,0,0,0,0,0,0,1
"b144","[‘grey', 'pants’]",0,0,0,0,0,0,1,0,0,0,0,0,0,1,0
"b145","[‘red', 'skirt’]",0,1,0,0,0,0,0,0,0,0,0,0,1,0,0
"b146","[‘black', 'skirt’]",0,0,1,0,0,0,0,0,0,0,0,0,1,0,0
"b147","[‘black', 'pants’]",0,0,1,0,0,0,0,0,0,0,0,0,0,1,0
"b148","[‘black', 'pants’]",0,0,1,0,0,0,0,0,0,0,0,0,0,1,0
"b149","[‘black', 'skirt’]",0,0,1,0,0,0,0,0,0,0,0,0,1,0,0
"b150","[‘pink', 'shorts’]",0,0,0,1,0,0,0,0,0,0,0,0,0,0,1
"b151","[‘blue', 'pants’]",0,0,0,0,0,1,0,0,0,0,0,0,0,1,0
"b152","[‘pink', 'snorts’]",0,0,0,1,0,0,0,0,0,0,0,0,0,0,1
"b153","[‘blue', 'skirt’]",0,0,0,0,0,1,0,0,0,0,0,0,1,0,0
"b154","[‘blue', 'skirt’]",0,0,0,0,0,1,0,0,0,0,0,0,1,0,0
"b155","[‘white', 'pants’]",1,0,0,0,0,0,0,0,0,0,0,0,0,1,0
"b156","[‘black', 'pants’]",0,0,1,0,0,0,0,0,0,0,0,0,0,1,0
"b157","[‘blue', 'pants’]",0,0,0,0,0,1,0,0,0,0,0,0,0,1,0
"b158","[‘black', 'skirt’]",0,0,1,0,0,0,0,0,0,0,0,0,1,0,0
"b159","[‘black', 'pants’]",0,0,1,0,0,0,0,0,0,0,0,0,0,1,0
"b160","[‘black', 'shorts’]",0,0,1,0,0,0,0,0,0,0,0,0,0,0,1
"b161","[‘white', 'pants’]",1,0,0,0,0,0,0,0,0,0,0,0,0,1,0
"b162","[‘red', 'shorts’]",0,1,0,0,0,0,0,0,0,0,0,0,0,0,1
"b163","[‘blue', 'pants’]",0,0,0,0,0,1,0,0,0,0,0,0,0,1,0
"b164","[‘beige', 'pants’]",0,0,0,0,1,0,0,0,0,0,0,0,0,1,0
"b165","[‘black', 'pants’]",0,0,1,0,0,0,0,0,0,0,0,0,0,1,0
"b166","[‘white', 'skirt’]",1,0,0,0,0,0,0,0,0,0,0,0,1,0,0
"b167","[‘blue', 'skirt’]",0,0,0,0,0,1,0,0,0,0,0,0,1,0,0
"b168","[‘black', 'shorts’]",0,0,1,0,0,0,0,0,0,0,0,0,0,0,1
"b169","[‘black', 'shorts’]",0,0,1,0,0,0,0,0,0,0,0,0,0,0,1
"b170","[‘black', 'pants’]",0,0,1,0,0,0,0,0,0,0,0,0,0,1,0
"b171","[‘blue', 'skirt’]",0,0,0,0,0,1,0,0,0,0,0,0,1,0,0
"b172","[‘blue', 'shorts’]",0,0,0,0,0,1,0,0,0,0,0,0,0,0,1
"b173","[‘black', 'pants’]",0,0,1,0,0,0,0,0,0,0,0,0,0,1,0
"b174","[‘black', 'pants’]",0,0,1,0,0,0,0,0,0,0,0,0,0,1,0
"b175","[‘blue', 'shorts’]",0,0,0,0,0,1,0,0,0,0,0,0,0,0,1
"b176","[‘blue', 'pants’]",0,0,0,0,0,1,0,0,0,0,0,0,0,1,0
"b177","[‘black', 'pants’]",0,0,1,0,0,0,0,0,0,0,0,0,0,1,0
"b178","[‘white', 'shorts’]",1,0,0,0,0,0,0,0,0,0,0,0,0,0,1
"b179","[‘blue', 'shorts’]",0,0,0,0,0,1,0,0,0,0,0,0,0,0,1
"b180","[‘black', 'pants’]",0,0,1,0,0,0,0,0,0,0,0,0,0,1,0
"b181","[‘black', 'skirt’]",0,0,1,0,0,0,0,0,0,0,0,0,1,0,0
"b182","[‘black', 'shorts’]",0,0,1,0,0,0,0,0,0,0,0,0,0,0,1
"b183","[‘check', 'shorts’]",0,0,0,0,0,0,0,0,0,0,1,0,0,0,1
"b184","[‘black', 'pants’]",0,0,1,0,0,0,0,0,0,0,0,0,0,1,0
"b185","[‘beige', 'shorts’]",0,0,0,0,1,0,0,0,0,0,0,0,0,0,1
"b186","[‘grey', 'skirt’]",0,0,0,0,0,0,1,0,0,0,0,0,1,0,0
"b187","[‘black', 'pants’]",0,0,1,0,0,0,0,0,0,0,0,0,0,1,0
"b188","[‘black', 'pants’]",0,0,1,0,0,0,0,0,0,0,0,0,0,1,0
"b189","[‘blue', 'pants’]",0,0,0,0,0,1,0,0,0,0,0,0,0,1,0
"b190","[‘blue', 'shorts’]",0,0,0,0,0,1,0,0,0,0,0,0,0,0,1
"b191","[‘blue', 'shorts’]",0,0,0,0,0,1,0,0,0,0,0,0,0,0,1
"b192","[‘blue', 'pants’]",0,0,0,0,0,1,0,0,0,0,0,0,0,1,0
"b193","[‘black', 'shorts’]",0,0,1,0,0,0,0,0,0,0,0,0,0,0,1
"b194","[‘black', 'pants’]",0,0,1,0,0,0,0,0,0,0,0,0,0,1,0
"b195","[‘black', 'pants’]",0,0,1,0,0,0,0,0,0,0,0,0,0,1,0
"b196","[‘blue', 'pants’]",0,0,0,0,0,1,0,0,0,0,0,0,0,1,0
"b197","[‘white', 'shorts’]",1,0,0,0,0,0,0,0,0,0,0,0,0,0,1
"b198","[‘blue', 'pants’]",0,0,0,0,0,1,0,0,0,0,0,0,0,1,0
"b199","[‘blue', 'skirt’]",0,0,0,0,0,1,0,0,0,0,0,0,1,0,0
"b200","[‘check', 'pants’]",0,0,0,0,0,0,0,0,0,0,1,0,0,1,0
"b201","[‘black', 'pants’]",0,0,1,0,0,0,0,0,0,0,0,0,0,1,0
"b202","[‘black', 'shorts’]",0,0,1,0,0,0,0,0,0,0,0,0,0,0,1
"b203","[‘beige', 'shorts’]",0,0,0,0,1,0,0,0,0,0,0,0,0,0,1
"b204","[‘beige', 'pants’]",0,0,0,0,1,0,0,0,0,0,0,0,0,1,0
"b205","[‘grey', 'shorts’]",0,0,0,0,0,0,1,0,0,0,0,0,0,0,1
"b206","[‘grey', 'pants’]",0,0,0,0,0,0,1,0,0,0,0,0,0,1,0
"b207","[‘pink', 'pants’]",0,0,0,1,0,0,0,0,0,0,0,0,0,1,0
"b208","[‘black', 'pants’]",0,0,1,0,0,0,0,0,0,0,0,0,0,1,0
"b209","[‘black', 'skirt’]",0,0,1,0,0,0,0,0,0,0,0,0,1,0,0
"b210","[‘blue', 'pants’]",0,0,0,0,0,1,0,0,0,0,0,0,0,1,0
"b211","[‘white', 'shorts’]",1,0,0,0,0,0,0,0,0,0,0,0,0,0,1
"b212","[‘check', 'pants’]",0,0,0,0,0,0,0,0,0,0,1,0,0,1,0
"b213","[‘blue', 'pants’]",0,0,0,0,0,1,0,0,0,0,0,0,0,1,0
"b214","[‘white', 'pants’]",1,0,0,0,0,0,0,0,0,0,0,0,0,1,0
"b215","[‘white', 'pants’]",1,0,0,0,0,0,0,0,0,0,0,0,0,1,0
"b216","[‘black', 'pants’]",0,0,1,0,0,0,0,0,0,0,0,0,0,1,0
"b217","[‘pink', 'shorts’]",0,0,0,1,0,0,0,0,0,0,0,0,0,0,1
"b218","[‘black', 'skirt’]",0,0,1,0,0,0,0,0,0,0,0,0,1,0,0
"b219","[‘black', 'pants’]",0,0,1,0,0,0,0,0,0,0,0,0,0,1,0
"b220","[‘pink', 'pants’]",0,0,0,1,0,0,0,0,0,0,0,0,0,1,0
"b221","[‘white', 'skirt’]",1,0,0,0,0,0,0,0,0,0,0,0,1,0,0
"b222","[‘black', 'pants’]",0,0,1,0,0,0,0,0,0,0,0,0,0,1,0
"b223","[‘pink', 'shorts’]",0,0,0,1,0,0,0,0,0,0,0,0,0,0,1
"b224","[‘brown', 'skirt’]",0,0,0,0,0,0,0,0,0,1,0,0,1,0,0
"b225","[‘black', 'pants’]",0,0,1,0,0,0,0,0,0,0,0,0,0,1,0
"b226","[‘black', 'pants’]",0,0,1,0,0,0,0,0,0,0,0,0,0,1,0
"b227","[‘black', 'pants’]",0,0,1,0,0,0,0,0,0,0,0,0,0,1,0
"b228","[‘black', 'skirt’]",0,0,1,0,0,0,0,0,0,0,0,0,1,0,0
"b229","[‘black', 'pants’]",0,0,1,0,0,0,0,0,0,0,0,0,0,1,0
"b230","[‘blue', 'shorts’]",0,0,0,0,0,1,0,0,0,0,0,0,0,0,1
"b231","[‘blue', 'pants’]",0,0,0,0,0,1,0,0,0,0,0,0,0,1,0
"b232","[‘purple', 'shorts’]",0,0,0,0,0,0,0,1,0,0,0,0,0,0,1
"b233","[‘white', 'shorts’]",1,0,0,0,0,0,0,0,0,0,0,0,0,0,1
"b234","[‘black', 'shorts’]",0,0,1,0,0,0,0,0,0,0,0,0,0,0,1
"b235","[‘black', 'shorts’]",0,0,1,0,0,0,0,0,0,0,0,0,0,0,1
"b236","[‘black', 'pants’]",0,0,1,0,0,0,0,0,0,0,0,0,0,1,0
"b237","[‘black', 'pants’]",0,0,1,0,0,0,0,0,0,0,0,0,0,1,0
"b239","[‘black', 'pants’]",0,0,1,0,0,0,0,0,0,0,0,0,0,1,0
"b240","[‘blue', 'shorts’]",0,0,0,0,0,1,0,0,0,0,0,0,0,0,1
"b241","[‘blue', 'pants’]",0,0,0,0,0,1,0,0,0,0,0,0,0,1,0
"b242","[‘black', 'pants’]",0,0,1,0,0,0,0,0,0,0,0,0,0,1,0
"b243","[‘black', 'pants’]",0,0,1,0,0,0,0,0,0,0,0,0,0,1,0
"b244","[‘pink', 'pants’]",0,0,0,1,0,0,0,0,0,0,0,0,0,1,0
"b245","[‘grey', 'pants’]",0,0,0,0,0,0,1,0,0,0,0,0,0,1,0
"b246","[‘blue', 'pants’]",0,0,0,0,0,1,0,0,0,0,0,0,0,1,0
"b247","[‘black', 'pants’]",0,0,1,0,0,0,0,0,0,0,0,0,0,1,0
"b248","[‘blue', 'shorts’]",0,0,0,0,0,1,0,0,0,0,0,0,0,0,1
"b249","[‘blue', 'shorts’]",0,0,0,0,0,1,0,0,0,0,0,0,0,0,1
"b250","[‘blue', 'pants’]",0,0,0,0,0,1,0,0,0,0,0,0,0,1,0
"b251","[‘black', 'pants’]",0,0,1,0,0,0,0,0,0,0,0,0,0,1,0
"b252","[‘blue', 'pants’]",0,0,0,0,0,1,0,0,0,0,0,0,0,1,0
"b253","[‘black', 'skirt’]",0,0,1,0,0,0,0,0,0,0,0,0,1,0,0
"b254","[‘check', 'shorts’]",0,0,0,0,0,0,0,0,0,0,1,0,0,0,1
"b255","[‘black', 'pants’]",0,0,1,0,0,0,0,0,0,0,0,0,0,1,0
"b256","[‘pink', 'shorts’]",0,0,0,1,0,0,0,0,0,0,0,0,0,0,1
"b257","[‘black', 'pants’]",0,0,1,0,0,0,0,0,0,0,0,0,0,1,0
"b258","[‘black', 'pants’]",0,0,1,0,0,0,0,0,0,0,0,0,0,1,0
"b259","[‘black', 'pants’]",0,0,1,0,0,0,0,0,0,0,0,0,0,1,0
"b260","[‘black', 'pants’]",0,0,1,0,0,0,0,0,0,0,0,0,0,1,0
"b261","[‘grey', 'shorts’]",0,0,0,0,0,0,1,0,0,0,0,0,0,0,1
"b262","[‘blue', 'shorts’]",0,0,0,0,0,1,0,0,0,0,0,0,0,0,1
"b263","[‘white', 'pants’]",1,0,0,0,0,0,0,0,0,0,0,0,0,1,0
"b264","[‘blue', 'pants’]",0,0,0,0,0,1,0,0,0,0,0,0,0,1,0
"b265","[‘grey', 'shorts’]",0,0,0,0,0,0,1,0,0,0,0,0,0,0,1
"b266","[‘black', 'pants’]",0,0,1,0,0,0,0,0,0,0,0,0,0,1,0
"b267","[‘grey', 'pants’]",0,0,0,0,0,0,1,0,0,0,0,0,0,1,0
"b268","[‘black', 'shorts’]",0,0,1,0,0,0,0,0,0,0,0,0,0,0,1
"b269","[‘black', 'pants’]",0,0,1,0,0,0,0,0,0,0,0,0,0,1,0
"b270","[‘black', 'pants’]",0,0,1,0,0,0,0,0,0,0,0,0,0,1,0
"b271","[‘red', 'pants’]",0,1,0,0,0,0,0,0,0,0,0,0,0,1,0
"b272","[‘black', 'pants’]",0,0,1,0,0,0,0,0,0,0,0,0,0,1,0
"b273","[‘black', 'pants’]",0,0,1,0,0,0,0,0,0,0,0,0,0,1,0
"b274","[‘white', 'shorts’]",1,0,0,0,0,0,0,0,0,0,0,0,0,0,1
"b275","[‘black', 'pants’]",0,0,1,0,0,0,0,0,0,0,0,0,0,1,0
"b276","[‘black', 'pants’]",0,0,1,0,0,0,0,0,0,0,0,0,0,1,0
"b277","[‘black', 'shorts’]",0,0,1,0,0,0,0,0,0,0,0,0,0,0,1
"b278","[‘black', 'pants’]",0,0,1,0,0,0,0,0,0,0,0,0,0,1,0
"b279","[‘black', 'shorts’]",0,0,1,0,0,0,0,0,0,0,0,0,0,0,1
"b280","[‘black', 'pants’]",0,0,1,0,0,0,0,0,0,0,0,0,0,1,0
"b281","[‘check', 'shorts’]",0,0,0,0,0,0,0,0,0,0,1,0,0,0,1
"b282","[‘stripe', 'shorts’]",0,0,0,0,0,0,0,0,0,0,0,1,0,0,1
"b283","[‘brown', 'skirt’]",0,0,0,0,0,0,0,0,0,1,0,0,1,0,0
"b284","[‘brown', 'skirt’]",0,0,0,0,0,0,0,0,0,1,0,0,1,0,0
"b285","[‘white', 'pants’]",1,0,0,0,0,0,0,0,0,0,0,0,0,1,0
"b286","[‘grey', 'pants’]",0,0,0,0,0,0,1,0,0,0,0,0,0,1,0
"b287","[‘blue', 'skirt’]",0,0,0,0,0,1,0,0,0,0,0,0,1,0,0
"b288","[‘purple', 'pants’]",0,0,0,0,0,0,0,1,0,0,0,0,0,1,0
"b289","[‘red', 'shorts’]",0,1,0,0,0,0,0,0,0,0,0,0,0,0,1
"b290","[‘red', 'skirt’]",0,1,0,0,0,0,0,0,0,0,0,0,1,0,0
"b291","[‘black', 'pants’]",0,0,1,0,0,0,0,0,0,0,0,0,0,1,0
"b292","[‘black', 'shorts’]",0,0,1,0,0,0,0,0,0,0,0,0,0,0,1
"b293","[‘black', 'pants’]",0,0,1,0,0,0,0,0,0,0,0,0,0,1,0
"b294","[‘black', 'skirt’]",0,0,1,0,0,0,0,0,0,0,0,0,1,0,0
"b295","[‘beige', 'pants’]",0,0,0,0,1,0,0,0,0,0,0,0,0,1,0
"b296","[‘blue', 'pants’]",0,0,0,0,0,1,0,0,0,0,0,0,0,1,0
"b297","[‘white', 'pants’]",1,0,0,0,0,0,0,0,0,0,0,0,0,1,0
"b298","[‘red', 'skirt’]",0,1,0,0,0,0,0,0,0,0,0,0,1,0,0
"b299","[‘grey', 'pants’]",0,0,0,0,0,0,1,0,0,0,0,0,0,1,0
"b300","[‘white', 'shorts’]",1,0,0,0,0,0,0,0,0,0,0,0,0,0,1
"b301","[‘black', 'shorts’]",0,0,1,0,0,0,0,0,0,0,0,0,0,0,1
"b302","[‘black', 'pants’]",0,0,1,0,0,0,0,0,0,0,0,0,0,1,0
"b303","[‘grey', 'pants’]",0,0,0,0,0,0,1,0,0,0,0,0,0,1,0
"b304","[‘blue', 'pants’]",0,0,0,0,0,1,0,0,0,0,0,0,0,1,0
"b305","[‘black', 'pants’]",0,0,1,0,0,0,0,0,0,0,0,0,0,1,0
"b306","[‘black', 'pants’]",0,0,1,0,0,0,0,0,0,0,0,0,0,1,0
"b307","[‘black', 'pants’]",0,0,1,0,0,0,0,0,0,0,0,0,0,1,0
"b308","[‘brown', 'skirt’]",0,0,0,0,0,0,0,0,0,1,0,0,1,0,0
"b309","[‘black', 'pants’]",0,0,1,0,0,0,0,0,0,0,0,0,0,1,0
"b310","[‘blue', 'pants’]",0,0,0,0,0,1,0,0,0,0,0,0,0,1,0
"b311","[‘black', 'pants’]",0,0,1,0,0,0,0,0,0,0,0,0,0,1,0
"b312","[‘black', 'pants’]",0,0,1,0,0,0,0,0,0,0,0,0,0,1,0
"b313","[‘black', 'pants’]",0,0,1,0,0,0,0,0,0,0,0,0,0,1,0
"b314","[‘black', 'shorts’]",0,0,1,0,0,0,0,0,0,0,0,0,0,0,1
"b315","[‘blue', 'pants’]",0,0,0,0,0,1,0,0,0,0,0,0,0,1,0
"b316","[‘black', 'pants’]",0,0,1,0,0,0,0,0,0,0,0,0,0,1,0
"b317","[‘black', 'pants’]",0,0,1,0,0,0,0,0,0,0,0,0,0,1,0
"b318","[‘black', 'pants’]",0,0,1,0,0,0,0,0,0,0,0,0,0,1,0
"b319","[‘white', 'shorts’]",1,0,0,0,0,0,0,0,0,0,0,0,0,0,1
"b320","[‘red', 'pants’]",0,1,0,0,0,0,0,0,0,0,0,0,0,1,0
"b321","[‘black', 'pants’]",0,0,1,0,0,0,0,0,0,0,0,0,0,1,0
"b322","[‘black', 'pants’]",0,0,1,0,0,0,0,0,0,0,0,0,0,1,0
"b323","[‘black', 'pants’]",0,0,1,0,0,0,0,0,0,0,0,0,0,1,0
"b324","[‘black', 'pants’]",0,0,1,0,0,0,0,0,0,0,0,0,0,1,0
"b325","[‘black', 'pants’]",0,0,1,0,0,0,0,0,0,0,0,0,0,1,0
"b326","[‘black', 'pants’]",0,0,1,0,0,0,0,0,0,0,0,0,0,1,0
"b327","[‘black', 'pants’]",0,0,1,0,0,0,0,0,0,0,0,0,0,1,0
"b328","[‘black', 'pants’]",0,0,1,0,0,0,0,0,0,0,0,0,0,1,0
"b329","[‘black', 'pants’]",0,0,1,0,0,0,0,0,0,0,0,0,0,1,0
"b330","[‘black', 'pants’]",0,0,1,0,0,0,0,0,0,0,0,0,0,1,0
"b331","[‘black', 'pants’]",0,0,1,0,0,0,0,0,0,0,0,0,0,1,0
"b332","[‘black', 'pants’]",0,0,1,0,0,0,0,0,0,0,0,0,0,1,0
"b333","[‘black', 'pants’]",0,0,1,0,0,0,0,0,0,0,0,0,0,1,0
"b334","[‘black', 'pants’]",0,0,1,0,0,0,0,0,0,0,0,0,0,1,0
"b335","[‘black', 'pants’]",0,0,1,0,0,0,0,0,0,0,0,0,0,1,0
"b336","[‘black', 'pants’]",0,0,1,0,0,0,0,0,0,0,0,0,0,1,0
"b337","[‘black', 'pants’]",0,0,1,0,0,0,0,0,0,0,0,0,0,1,0
"b338","[‘black', 'pants’]",0,0,1,0,0,0,0,0,0,0,0,0,0,1,0
"b339","[‘black', 'pants’]",0,0,1,0,0,0,0,0,0,0,0,0,0,1,0
"b340","[‘black', 'pants’]",0,0,1,0,0,0,0,0,0,0,0,0,0,1,0
"b341","[‘black', 'pants’]",0,0,1,0,0,0,0,0,0,0,0,0,0,1,0
"b342","[‘check', 'skirt’]",0,0,0,0,0,0,0,0,0,0,1,0,1,0,0
"b343","[‘check', 'shorts’]",0,0,0,0,0,0,0,0,0,0,1,0,0,0,1
"b344","[‘red', 'shorts’]",0,1,0,0,0,0,0,0,0,0,0,0,0,0,1
"b345","[‘black', 'shorts’]",0,0,1,0,0,0,0,0,0,0,0,0,0,0,1
"b346","[‘blue', 'pants’]",0,0,0,0,0,1,0,0,0,0,0,0,0,1,0
"b347","[‘blue', 'pants’]",0,0,0,0,0,1,0,0,0,0,0,0,0,1,0
"b348","[‘blue', 'shorts’]",0,0,0,0,0,1,0,0,0,0,0,0,0,0,1
"b349","[‘grey', 'shorts’]",0,0,0,0,0,0,1,0,0,0,0,0,0,0,1
"b350","[‘blue', 'pants’]",0,0,0,0,0,1,0,0,0,0,0,0,0,1,0
"b351","[‘blue', 'pants’]",0,0,0,0,0,1,0,0,0,0,0,0,0,1,0
"b352","[‘black', 'skirt’]",0,0,1,0,0,0,0,0,0,0,0,0,1,0,0
"b353","[‘black', 'shorts’]",0,0,1,0,0,0,0,0,0,0,0,0,0,0,1
"b354","[‘blue', 'skirt’]",0,0,0,0,0,1,0,0,0,0,0,0,1,0,0
"b355","[‘blue', 'pants’]",0,0,0,0,0,1,0,0,0,0,0,0,0,1,0
"b356","[‘red', 'pants’]",0,1,0,0,0,0,0,0,0,0,0,0,0,1,0
"b357","[‘yellow', 'pants’]",0,0,0,0,0,0,0,0,1,0,0,0,0,1,0
"b358","[‘grey', 'pants’]",0,0,0,0,0,0,1,0,0,0,0,0,0,1,0
"b359","[‘blue', 'pants’]",0,0,0,0,0,1,0,0,0,0,0,0,0,1,0
"b360","[‘blue', 'shorts’]",0,0,0,0,0,1,0,0,0,0,0,0,0,0,1
"b361","[‘blue', 'shorts’]",0,0,0,0,0,1,0,0,0,0,0,0,0,0,1
"b362","[‘black', 'shorts’]",0,0,1,0,0,0,0,0,0,0,0,0,0,0,1
"b363","[‘white', 'pants’]",1,0,0,0,0,0,0,0,0,0,0,0,0,1,0
"b364","[‘black', 'pants’]",0,0,1,0,0,0,0,0,0,0,0,0,0,1,0
"b365","[‘red', 'shorts’]",0,1,0,0,0,0,0,0,0,0,0,0,0,0,1
"b366","[‘white', 'pants’]",1,0,0,0,0,0,0,0,0,0,0,0,0,1,0
"b367","[‘red', 'shorts’]",0,1,0,0,0,0,0,0,0,0,0,0,0,0,1
"b368","[‘black', 'shorts’]",0,0,1,0,0,0,0,0,0,0,0,0,0,0,1
"b369","[‘white', 'shorts’]",1,0,0,0,0,0,0,0,0,0,0,0,0,0,1
"b370","[‘red', 'shorts’]",0,1,0,0,0,0,0,0,0,0,0,0,0,0,1
"b371","[‘blue', 'pants’]",0,0,0,0,0,1,0,0,0,0,0,0,0,1,0
"b372","[‘white', 'pants’]",1,0,0,0,0,0,0,0,0,0,0,0,0,1,0
"b373","[‘beige', 'pants’]",0,0,0,0,1,0,0,0,0,0,0,0,0,1,0
"b374","[‘pink', 'pants’]",0,0,0,1,0,0,0,0,0,0,0,0,0,1,0
"b375","[‘white', 'skirt’]",1,0,0,0,0,0,0,0,0,0,0,0,1,0,0
"b376","[‘blue', 'pants’]",0,0,0,0,0,1,0,0,0,0,0,0,0,1,0
"b377","[‘blue', 'pants’]",0,0,0,0,0,1,0,0,0,0,0,0,0,1,0
"b378","[‘blue', 'pants’]",0,0,0,0,0,1,0,0,0,0,0,0,0,1,0
"b379","[‘pink', 'shorts’]",0,0,0,1,0,0,0,0,0,0,0,0,0,0,1
"b380","[‘blue', 'shorts’]",0,0,0,0,0,1,0,0,0,0,0,0,0,0,1
"b381","[‘black', 'shorts’]",0,0,1,0,0,0,0,0,0,0,0,0,0,0,1
"b382","[‘grey', 'pants’]",0,0,0,0,0,0,1,0,0,0,0,0,0,1,0
"b383","[‘black', 'shorts’]",0,0,1,0,0,0,0,0,0,0,0,0,0,0,1
"b384","[‘yellow', 'pants’]",0,0,0,0,0,0,0,0,1,0,0,0,0,1,0
"b385","[‘black', 'skirt’]",0,0,1,0,0,0,0,0,0,0,0,0,1,0,0
"b386","[‘black', 'shorts’]",0,0,1,0,0,0,0,0,0,0,0,0,0,0,1
"b387","[‘red', 'shorts’]",0,1,0,0,0,0,0,0,0,0,0,0,0,0,1
"b388","[‘red', 'shorts’]",0,1,0,0,0,0,0,0,0,0,0,0,0,0,1
"b389","[‘blue', 'pants’]",0,0,0,0,0,1,0,0,0,0,0,0,0,1,0
"b390","[‘black', 'skirt’]",0,0,1,0,0,0,0,0,0,0,0,0,1,0,0
"b391","[‘black', 'shorts’]",0,0,1,0,0,0,0,0,0,0,0,0,0,0,1
"b392","[‘blue', 'shorts’]",0,0,0,0,0,1,0,0,0,0,0,0,0,0,1
"b393","[‘blue', 'pants’]",0,0,0,0,0,1,0,0,0,0,0,0,0,1,0
"b394","[‘blue', 'pants’]",0,0,0,0,0,1,0,0,0,0,0,0,0,1,0
"b395","[‘grey', 'shorts’]",0,0,0,0,0,0,1,0,0,0,0,0,0,0,1
"b396","[‘blue', 'pants’]",0,0,0,0,0,1,0,0,0,0,0,0,0,1,0
"b397","[‘grey', 'pants’]",0,0,0,0,0,0,1,0,0,0,0,0,0,1,0
"b398","[‘stripe', 'shorts’]",0,0,0,0,0,0,0,0,0,0,0,1,0,0,1
"b399","[‘pink', 'pants’]",0,0,0,1,0,0,0,0,0,0,0,0,0,1,0
"b400","[‘black', 'pants’]",0,0,1,0,0,0,0,0,0,0,0,0,0,1,0
"b401","[‘grey', 'pants’]",0,0,0,0,0,0,1,0,0,0,0,0,0,1,0
"b402","[‘blue', 'pants’]",0,0,0,0,0,1,0,0,0,0,0,0,0,1,0
"b403","[‘blue', 'pants’]",0,0,0,0,0,1,0,0,0,0,0,0,0,1,0
"b404","[‘black', 'skirt’]",0,0,1,0,0,0,0,0,0,0,0,0,1,0,0
"b405","[‘grey', 'pants’]",0,0,0,0,0,0,1,0,0,0,0,0,0,1,0
"b406","[‘black', 'skirt’]",0,0,1,0,0,0,0,0,0,0,0,0,1,0,0
"b407","[‘blue', 'pants’]",0,0,0,0,0,1,0,0,0,0,0,0,0,1,0
"b408","[‘black', 'pants’]",0,0,1,0,0,0,0,0,0,0,0,0,0,1,0
"b409","[‘blue', 'pants’]",0,0,0,0,0,1,0,0,0,0,0,0,0,1,0
"b410","[‘blue', 'pants’]",0,0,0,0,0,1,0,0,0,0,0,0,0,1,0
"b411","[‘black', 'shorts’]",0,0,1,0,0,0,0,0,0,0,0,0,0,0,1
"b412","[‘black', 'pants’]",0,0,1,0,0,0,0,0,0,0,0,0,0,1,0
"b413","[‘black', 'pants’]",0,0,1,0,0,0,0,0,0,0,0,0,0,1,0
"b414","[‘black', 'pants’]",0,0,1,0,0,0,0,0,0,0,0,0,0,1,0
"b415","[‘grey', 'pants’]",0,0,0,0,0,0,1,0,0,0,0,0,0,1,0
"b416","[‘blue', 'pants’]",0,0,0,0,0,1,0,0,0,0,0,0,0,1,0
"b417","[‘check', 'pants’]",0,0,0,0,0,0,0,0,0,0,1,0,0,1,0
"b418","[‘red', 'pants’]",0,1,0,0,0,0,0,0,0,0,0,0,0,1,0
"b419","[‘blue', 'pants’]",0,0,0,0,0,1,0,0,0,0,0,0,0,1,0
"b420","[‘white', 'shorts’]",1,0,0,0,0,0,0,0,0,0,0,0,0,0,1
"b421","[‘black', 'pants’]",0,0,1,0,0,0,0,0,0,0,0,0,0,1,0
"b422","[‘white', 'pants’]",1,0,0,0,0,0,0,0,0,0,0,0,0,1,0
"b423","[‘black', 'pants’]",0,0,1,0,0,0,0,0,0,0,0,0,0,1,0
"b424","[‘black', 'pants’]",0,0,1,0,0,0,0,0,0,0,0,0,0,1,0
"b425","[‘black', 'skirt’]",0,0,1,0,0,0,0,0,0,0,0,0,1,0,0
"b426","[‘grey', 'pants’]",0,0,0,0,0,0,1,0,0,0,0,0,0,1,0
"b427","[‘blue', 'shorts’]",0,0,0,0,0,1,0,0,0,0,0,0,0,0,1
"b428","[‘blue', 'pants’]",0,0,0,0,0,1,0,0,0,0,0,0,0,1,0
"b429","[‘black', 'skirt’]",0,0,1,0,0,0,0,0,0,0,0,0,1,0,0
"b430","[‘blue', 'pants’]",0,0,0,0,0,1,0,0,0,0,0,0,0,1,0
"b431","[‘black', 'pants’]",0,0,1,0,0,0,0,0,0,0,0,0,0,1,0
"b432","[‘blue', 'shorts’]",0,0,0,0,0,1,0,0,0,0,0,0,0,0,1
"b433","[‘black', 'pants’]",0,0,1,0,0,0,0,0,0,0,0,0,0,1,0
"b434","[‘black', 'shorts’]",0,0,1,0,0,0,0,0,0,0,0,0,0,0,1
"b435","[‘black', 'shorts’]",0,0,1,0,0,0,0,0,0,0,0,0,0,0,1
"b436","[‘grey', 'pants’]",0,0,0,0,0,0,1,0,0,0,0,0,0,1,0
"b437","[‘red', 'shorts’]",0,1,0,0,0,0,0,0,0,0,0,0,0,0,1
"b438","[‘black', 'pants’]",0,0,1,0,0,0,0,0,0,0,0,0,0,1,0
"b439","[‘grey', 'shorts’]",0,0,0,0,0,0,1,0,0,0,0,0,0,0,1
"b440","[‘grey', 'pants’]",0,0,0,0,0,0,1,0,0,0,0,0,0,1,0
"b441","[‘check', 'shorts’]",0,0,0,0,0,0,0,0,0,0,1,0,0,0,1
"b442","[‘black', 'pants’]",0,0,1,0,0,0,0,0,0,0,0,0,0,1,0
"b443","[‘blue', 'shorts’]",0,0,0,0,0,1,0,0,0,0,0,0,0,0,1
"b444","[‘black', 'pants’]",0,0,1,0,0,0,0,0,0,0,0,0,0,1,0
"b445","[‘black', 'pants’]",0,0,1,0,0,0,0,0,0,0,0,0,0,1,0
"b446","[‘grey', 'pants’]",0,0,0,0,0,0,1,0,0,0,0,0,0,1,0
"b447","[‘blue', 'pants’]",0,0,0,0,0,1,0,0,0,0,0,0,0,1,0
"b448","[‘white', 'pants’]",1,0,0,0,0,0,0,0,0,0,0,0,0,1,0
"b449","[‘white', 'pants’]",1,0,0,0,0,0,0,0,0,0,0,0,0,1,0
"b450","[‘black', 'pants’]",0,0,1,0,0,0,0,0,0,0,0,0,0,1,0
"b451","[‘black', 'pants’]",0,0,1,0,0,0,0,0,0,0,0,0,0,1,0
"b452","[‘black', 'pants’]",0,0,1,0,0,0,0,0,0,0,0,0,0,1,0
"b453","[‘black', 'pants’]",0,0,1,0,0,0,0,0,0,0,0,0,0,1,0
"b454","[‘black', 'pants’]",0,0,1,0,0,0,0,0,0,0,0,0,0,1,0
"b455","[‘black', 'pants’]",0,0,1,0,0,0,0,0,0,0,0,0,0,1,0
"b456","[‘black', 'pants’]",0,0,1,0,0,0,0,0,0,0,0,0,0,1,0
"b457","[‘black', 'pants’]",0,0,1,0,0,0,0,0,0,0,0,0,0,1,0
"b458","[‘black', 'pants’]",0,0,1,0,0,0,0,0,0,0,0,0,0,1,0
"b459","[‘black', 'pants’]",0,0,1,0,0,0,0,0,0,0,0,0,0,1,0
"b460","[‘black', 'pants’]",0,0,1,0,0,0,0,0,0,0,0,0,0,1,0
"b461","[‘black', 'pants’]",0,0,1,0,0,0,0,0,0,0,0,0,0,1,0
"b462","[‘black', 'pants’]",0,0,1,0,0,0,0,0,0,0,0,0,0,1,0
"b463","[‘black', 'pants’]",0,0,1,0,0,0,0,0,0,0,0,0,0,1,0
"b464","[‘check', 'shorts’]",0,0,0,0,0,0,0,0,0,0,1,0,0,0,1
"b465","[‘check', 'shorts’]",0,0,0,0,0,0,0,0,0,0,1,0,0,0,1
"b466","[‘white', 'pants’]",1,0,0,0,0,0,0,0,0,0,0,0,0,1,0
"b467","[‘black', 'shorts’]",0,0,1,0,0,0,0,0,0,0,0,0,0,0,1
"b468","[‘black', 'shorts’]",0,0,1,0,0,0,0,0,0,0,0,0,0,0,1
"b469","[‘black', 'shorts’]",0,0,1,0,0,0,0,0,0,0,0,0,0,0,1
"b470","[‘black', 'shorts’]",0,0,1,0,0,0,0,0,0,0,0,0,0,0,1
"b471","[‘black', 'shorts’]",0,0,1,0,0,0,0,0,0,0,0,0,0,0,1
"b472","[‘black', 'pants’]",0,0,1,0,0,0,0,0,0,0,0,0,0,1,0
"b473","[‘black', 'pants’]",0,0,1,0,0,0,0,0,0,0,0,0,0,1,0
"b474","[‘black', 'pants’]",0,0,1,0,0,0,0,0,0,0,0,0,0,1,0
"b475","[‘black', 'pants’]",0,0,1,0,0,0,0,0,0,0,0,0,0,1,0
"b476","[‘black', 'pants’]",0,0,1,0,0,0,0,0,0,0,0,0,0,1,0
"b477","[‘black', 'pants’]",0,0,1,0,0,0,0,0,0,0,0,0,0,1,0
"b478","[‘black', 'pants’]",0,0,1,0,0,0,0,0,0,0,0,0,0,1,0
"b479","[‘black', 'pants’]",0,0,1,0,0,0,0,0,0,0,0,0,0,1,0
"b480","[‘pink', 'pants’]",0,0,0,1,0,0,0,0,0,0,0,0,0,1,0
"b481","[‘pink', 'pants’]",0,0,0,1,0,0,0,0,0,0,0,0,0,1,0
"b482","[‘pink', 'pants’]",0,0,0,1,0,0,0,0,0,0,0,0,0,1,0
"b483","[‘pink', 'pants’]",0,0,0,1,0,0,0,0,0,0,0,0,0,1,0
"b484","[‘blue', 'shorts’]",0,0,0,0,0,1,0,0,0,0,0,0,0,0,1
"b485","[‘blue', 'pants’]",0,0,0,0,0,1,0,0,0,0,0,0,0,1,0
"b486","[‘grey', 'shorts’]",0,0,0,0,0,0,1,0,0,0,0,0,0,0,1
"b487","[‘grey', 'pants’]",0,0,0,0,0,0,1,0,0,0,0,0,0,1,0
"b488","[‘blue', 'pants’]",0,0,0,0,0,1,0,0,0,0,0,0,0,1,0
"b489","[‘blue', 'pants’]",0,0,0,0,0,1,0,0,0,0,0,0,0,1,0
"b490","[‘blue', 'pants’]",0,0,0,0,0,1,0,0,0,0,0,0,0,1,0
"b491","[‘blue', 'pants’]",0,0,0,0,0,1,0,0,0,0,0,0,0,1,0
"b492","[‘blue', 'pants’]",0,0,0,0,0,1,0,0,0,0,0,0,0,1,0
"b493","[‘blue', 'pants’]",0,0,0,0,0,1,0,0,0,0,0,0,0,1,0
"b494","[‘blue', 'pants’]",0,0,0,0,0,1,0,0,0,0,0,0,0,1,0
"b495","[‘blue', 'pants’]",0,0,0,0,0,1,0,0,0,0,0,0,0,1,0
"b496","[‘blue', 'pants’]",0,0,0,0,0,1,0,0,0,0,0,0,0,1,0
"b497","[‘blue', 'pants’]",0,0,0,0,0,1,0,0,0,0,0,0,0,1,0
"b498","[‘stripe', 'shorts’]",0,0,0,0,0,0,0,0,0,0,0,1,0,0,1
"b499","[‘blue', 'shorts’]",0,0,0,0,0,1,0,0,0,0,0,0,0,0,1
"b500","[‘black', 'pants’]",0,0,1,0,0,0,0,0,0,0,0,0,0,1,0
"b501","[‘purple', 'pants’]",0,0,0,0,0,0,0,1,0,0,0,0,0,1,0
"b502","[‘beige', 'shorts’]",0,0,0,0,1,0,0,0,0,0,0,0,0,0,1
"b503","[‘blue', 'shorts’]",0,0,0,0,1,0,0,0,0,0,0,0,0,0,1
"b504","[‘blue', 'shorts’]",0,0,0,0,1,0,0,0,0,0,0,0,0,0,1
"b505","[‘beige', 'shorts’]",0,0,0,0,1,0,0,0,0,0,0,0,0,0,1
"b506","[‘black', 'shorts’]",0,0,1,0,0,0,0,0,0,0,0,0,0,0,1
"b507","[‘black', 'shorts’]",0,0,1,0,0,0,0,0,0,0,0,0,0,0,1
"b508","[‘black', 'shorts’]",0,0,1,0,0,0,0,0,0,0,0,0,0,0,1
"b509","[‘black', 'shorts’]",0,0,1,0,0,0,0,0,0,0,0,0,0,0,1
"b510","[‘black', 'shorts’]",0,0,1,0,0,0,0,0,0,0,0,0,0,0,1
"b511","[‘black', 'shorts’]",0,0,1,0,0,0,0,0,0,0,0,0,0,0,1
"b512","[‘black', 'shorts’]",0,0,1,0,0,0,0,0,0,0,0,0,0,0,1
"b513","[‘black', 'shorts’]",0,0,1,0,0,0,0,0,0,0,0,0,0,0,1
"b514","[‘black', 'shorts’]",0,0,1,0,0,0,0,0,0,0,0,0,0,0,1
"b515","[‘black', 'shorts’]",0,0,1,0,0,0,0,0,0,0,0,0,0,0,1
"b516","[‘grey', 'pants’]",0,0,0,0,0,0,1,0,0,0,0,0,0,1,0
"b517","[‘grey', 'pants’]",0,0,0,0,0,0,1,0,0,0,0,0,0,1,0
"b518","[‘grey', 'pants’]",0,0,0,0,0,0,1,0,0,0,0,0,0,1,0
"b519","[‘check', 'skirt’]",0,0,0,0,0,0,0,0,0,0,1,0,1,0,0
"b520","[‘blue', 'pants’]",0,0,0,0,0,1,0,0,0,0,0,0,0,1,0
"b521","[‘black', 'skirt’]",0,0,1,0,0,0,0,0,0,0,0,0,1,0,0
"b522","[‘yellow', 'skirt’]",0,0,0,0,0,0,0,0,1,0,0,0,1,0,0
"b523","[‘red', 'pants’]",0,1,0,0,0,0,0,0,0,0,0,0,0,1,0
"b524","[‘check', 'pants’]",0,0,0,0,0,0,0,0,0,0,1,0,0,1,0
"b525","[‘white', 'shorts’]",1,0,0,0,0,0,0,0,0,0,0,0,0,0,1
"b526","[‘stripe', 'pants’]",0,0,0,0,0,0,0,0,0,0,0,1,0,1,0
"b527","[‘blue', 'skirt’]",0,0,0,0,0,1,0,0,0,0,0,0,1,0,0
"b528","[‘white', 'shorts’]",1,0,0,0,0,0,0,0,0,0,0,0,0,0,1
"b529","[‘red', 'skirt’]",0,1,0,0,0,0,0,0,0,0,0,0,1,0,0
"b530","[‘beige', 'pants’]",0,0,0,0,1,0,0,0,0,0,0,0,0,1,0
"b531","[‘beige', 'shorts’]",0,0,0,0,1,0,0,0,0,0,0,0,0,0,1
"b532","[‘grey', 'pants’]",0,0,0,0,0,0,1,0,0,0,0,0,0,1,0
"b533","[‘pink', 'pants’]",0,0,0,1,0,0,0,0,0,0,0,0,0,1,0
"b534","[‘blue', 'pants’]",0,0,0,0,0,1,0,0,0,0,0,0,0,1,0
"b535","[‘black', 'pants’]",0,0,1,0,0,0,0,0,0,0,0,0,0,1,0
"b536","[‘black', 'pants’]",0,0,1,0,0,0,0,0,0,0,0,0,0,1,0
"b537","[‘black', 'pants’]",0,0,1,0,0,0,0,0,0,0,0,0,0,1,0
"b538","[‘black', 'pants’]",0,0,1,0,0,0,0,0,0,0,0,0,0,1,0
"b539","[‘black', 'pants’]",0,0,1,0,0,0,0,0,0,0,0,0,0,1,0
"b540","[‘black', 'pants’]",0,0,1,0,0,0,0,0,0,0,0,0,0,1,0
"b541","[‘black', 'pants’]",0,0,1,0,0,0,0,0,0,0,0,0,0,1,0
"b542","[‘black', 'pants’]",0,0,1,0,0,0,0,0,0,0,0,0,0,1,0
"b543","[‘black', 'pants’]",0,0,1,0,0,0,0,0,0,0,0,0,0,1,0
"b544","[‘black', 'pants’]",0,0,1,0,0,0,0,0,0,0,0,0,0,1,0
"b545","[‘black', 'pants’]",0,0,1,0,0,0,0,0,0,0,0,0,0,1,0
"b546","[‘black', 'pants’]",0,0,1,0,0,0,0,0,0,0,0,0,0,1,0
"b547","[‘black', 'pants’]",0,0,1,0,0,0,0,0,0,0,0,0,0,1,0
"b548","[‘black', 'pants’]",0,0,1,0,0,0,0,0,0,0,0,0,0,1,0
"b549","[‘black', 'pants’]",0,0,1,0,0,0,0,0,0,0,0,0,0,1,0
"b550","[‘black', 'pants’]",0,0,1,0,0,0,0,0,0,0,0,0,0,1,0
"b551","[‘black', 'pants’]",0,0,1,0,0,0,0,0,0,0,0,0,0,1,0
"b552","[‘black', 'pants’]",0,0,1,0,0,0,0,0,0,0,0,0,0,1,0
"b553","[‘black', 'pants’]",0,0,1,0,0,0,0,0,0,0,0,0,0,1,0
"b554","[‘black', 'pants’]",0,0,1,0,0,0,0,0,0,0,0,0,0,1,0
"b555","[‘black', 'pants’]",0,0,1,0,0,0,0,0,0,0,0,0,0,1,0
"b556","[‘black', 'pants’]",0,0,1,0,0,0,0,0,0,0,0,0,0,1,0
"b557","[‘black', 'pants’]",0,0,1,0,0,0,0,0,0,0,0,0,0,1,0
"b558","[‘black', 'pants’]",0,0,1,0,0,0,0,0,0,0,0,0,0,1,0
"b559","[‘black', 'pants’]",0,0,1,0,0,0,0,0,0,0,0,0,0,1,0
"b560","[‘black', 'pants’]",0,0,1,0,0,0,0,0,0,0,0,0,0,1,0
"b561","[‘black', 'pants’]",0,0,1,0,0,0,0,0,0,0,0,0,0,1,0
"b562","[‘black', 'pants’]",0,0,1,0,0,0,0,0,0,0,0,0,0,1,0
"b563","[‘black', 'pants’]",0,0,1,0,0,0,0,0,0,0,0,0,0,1,0
"b564","[‘black', 'pants’]",0,0,1,0,0,0,0,0,0,0,0,0,0,1,0
"b565","[‘blue', 'pants’]",0,0,0,0,0,1,0,0,0,0,0,0,0,1,0
"b566","[‘red', 'pants’]",0,1,0,0,0,0,0,0,0,0,0,0,0,1,0
"b567","[‘grey', 'pants’]",0,0,0,0,0,0,1,0,0,0,0,0,0,1,0
"b568","[‘check', 'pants’]",0,0,0,0,0,0,0,0,0,0,1,0,0,1,0
"b569","[‘blue', 'pants’]",0,0,0,0,0,1,0,0,0,0,0,0,0,1,0
"b570","[‘blue', 'pants’]",0,0,0,0,0,1,0,0,0,0,0,0,0,1,0
"b571","[‘blue', 'pants’]",0,0,0,0,0,1,0,0,0,0,0,0,0,1,0
"b572","[‘blue', 'pants’]",0,0,0,0,0,1,0,0,0,0,0,0,0,1,0
"b573","[‘blue', 'pants’]",0,0,0,0,0,1,0,0,0,0,0,0,0,1,0
"b574","[‘blue', 'pants’]",0,0,0,0,0,1,0,0,0,0,0,0,0,1,0
"b575","[‘blue', 'pants’]",0,0,0,0,0,1,0,0,0,0,0,0,0,1,0
"b576","[‘blue', 'pants’]",0,0,0,0,0,1,0,0,0,0,0,0,0,1,0
"b577","[‘blue', 'pants’]",0,0,0,0,0,1,0,0,0,0,0,0,0,1,0
"b578","[‘blue', 'pants’]",0,0,0,0,0,1,0,0,0,0,0,0,0,1,0
"b579","[‘blue', 'pants’]",0,0,0,0,0,1,0,0,0,0,0,0,0,1,0
"b580","[‘black', 'skirt’]",0,0,1,0,0,0,0,0,0,0,0,0,1,0,0
"b581","[‘black', 'skirt’]",0,0,1,0,0,0,0,0,0,0,0,0,1,0,0
"b582","[‘black', 'skirt’]",0,0,1,0,0,0,0,0,0,0,0,0,1,0,0
"b583","[‘black', 'skirt’]",0,0,1,0,0,0,0,0,0,0,0,0,1,0,0
"b584","[‘black', 'skirt’]",0,0,1,0,0,0,0,0,0,0,0,0,1,0,0
"b585","[‘black', 'pants’]",0,0,1,0,0,0,0,0,0,0,0,0,0,1,0
"b586","[‘check', 'shorts’]",0,0,0,0,0,0,0,0,0,0,1,0,0,0,1
"b587","[‘check', 'shorts’]",0,0,0,0,0,0,0,0,0,0,1,0,0,0,1
"b588","[‘pink', 'pants’]",0,0,0,1,0,0,0,0,0,0,0,0,0,1,0
"b589","[‘stripe', 'shorts’]",0,0,0,0,0,0,0,0,0,0,0,1,0,0,1
"b590","[‘blue', 'shorts’]",0,0,0,0,0,1,0,0,0,0,0,0,0,0,1
"b591","[‘red', 'pants’]",0,1,0,0,0,0,0,0,0,0,0,0,0,1,0
"b592","[‘check', 'shorts’]",0,0,0,0,0,0,0,0,0,0,1,0,0,0,1
"b593","[‘red', 'skirt’]",0,1,0,0,0,0,0,0,0,0,0,0,1,0,0
"b594","[‘brown', 'pants’]",0,0,0,0,0,0,0,0,0,1,0,0,0,1,0
"b595","[‘yellow', 'pants’]",0,0,0,0,0,0,0,0,1,0,0,0,0,1,0
"b596","[‘blue', 'pants’]",0,0,0,0,0,1,0,0,0,0,0,0,0,1,0
"b597","[‘stripe', 'shorts’]",0,0,0,0,0,0,0,0,0,0,0,1,0,0,1
"b598","[‘pink', 'shorts’]",0,0,0,1,0,0,0,0,0,0,0,0,0,0,1
"b599","[‘white', 'pants’]",1,0,0,0,0,0,0,0,0,0,0,0,0,1,0
"b600","[‘grey', 'shorts’]",0,0,0,0,0,0,1,0,0,0,0,0,0,0,1
"b601","[‘black', 'shorts’]",0,0,1,0,0,0,0,0,0,0,0,0,0,0,1
"b602","[‘black', 'shorts’]",0,0,1,0,0,0,0,0,0,0,0,0,0,0,1
"b603","[‘black', 'shorts’]",0,0,1,0,0,0,0,0,0,0,0,0,0,0,1
"b604","[‘black', 'shorts’]",0,0,1,0,0,0,0,0,0,0,0,0,0,0,1
"b605","[‘black', 'shorts’]",0,0,1,0,0,0,0,0,0,0,0,0,0,0,1
"b606","[‘black', 'shorts’]",0,0,1,0,0,0,0,0,0,0,0,0,0,0,1
"b607","[‘blue', 'shorts’]",0,0,0,0,0,1,0,0,0,0,0,0,0,0,1
"b608","[‘blue', 'pants’]",0,0,0,0,0,1,0,0,0,0,0,0,0,1,0
"b609","[‘beige', 'skirt’]",0,0,0,0,1,0,0,0,0,0,0,0,1,0,0
"b610","[‘red', 'skirt’]",0,1,0,0,0,0,0,0,0,0,0,0,1,0,0
"b611","[‘brown', 'pants’]",0,0,0,0,0,0,0,0,0,1,0,0,0,1,0
"b612","[‘black', 'pants’]",0,0,1,0,0,0,0,0,0,0,0,0,0,1,0
"b613","[‘black', 'pants’]",0,0,1,0,0,0,0,0,0,0,0,0,0,1,0
"b614","[‘black', 'pants’]",0,0,1,0,0,0,0,0,0,0,0,0,0,1,0
"b615","[‘black', 'pants’]",0,0,1,0,0,0,0,0,0,0,0,0,0,1,0
"b616","[‘black', 'pants’]",0,0,1,0,0,0,0,0,0,0,0,0,0,1,0
"b617","[‘black', 'pants’]",0,0,1,0,0,0,0,0,0,0,0,0,0,1,0
"b618","[‘black', 'pants’]",0,0,1,0,0,0,0,0,0,0,0,0,0,1,0
"b619","[‘black', 'pants’]",0,0,1,0,0,0,0,0,0,0,0,0,0,1,0
"b620","[‘black', 'pants’]",0,0,1,0,0,0,0,0,0,0,0,0,0,1,0
"b621","[‘black', 'pants’]",0,0,1,0,0,0,0,0,0,0,0,0,0,1,0
"b622","[‘black', 'pants’]",0,0,1,0,0,0,0,0,0,0,0,0,0,1,0
"b623","[‘black', 'pants’]",0,0,1,0,0,0,0,0,0,0,0,0,0,1,0
"b624","[‘blue', 'pants’]",0,0,0,0,0,1,0,0,0,0,0,0,0,1,0
"b625","[‘stripe', 'skirt’]",0,0,0,0,0,0,0,0,0,0,0,1,1,0,0
"b626","[‘blue', 'shorts’]",0,0,0,0,0,1,0,0,0,0,0,0,0,0,1
"b627","[‘grey', 'shorts’]",0,0,0,0,0,0,1,0,0,0,0,0,0,0,1
"b628","[‘grey', 'pants’]",0,0,0,0,0,0,1,0,0,0,0,0,0,1,0
"b629","[‘blue', 'pants’]",0,0,0,0,0,1,0,0,0,0,0,0,0,1,0
"b630","[‘check', 'shorts’]",0,0,0,0,0,0,0,0,0,0,1,0,0,0,1
"b631","[‘blue', 'pants’]",0,0,0,0,0,1,0,0,0,0,0,0,0,1,0
"b632","[‘brown', 'shorts’]",0,0,0,0,0,0,0,0,0,1,0,0,0,0,1
"b633","[‘red', 'shorts’]",0,1,0,0,0,0,0,0,0,0,0,0,0,0,1
"b634","[‘white', 'skirt’]",1,0,0,0,0,0,0,0,0,0,0,0,1,0,0
"b635","[‘stripe', 'shorts’]",0,0,0,0,0,0,0,0,0,0,0,1,0,0,1
"b636","[‘black', 'skirt’]",0,0,1,0,0,0,0,0,0,0,0,0,1,0,0
"b637","[‘grey', 'pants’]",0,0,0,0,0,0,1,0,0,0,0,0,0,1,0
"b638","[‘pink', 'skirt’]",0,0,0,1,0,0,0,0,0,0,0,0,1,0,0
"b639","[‘blue', 'pants’]",0,0,0,0,0,1,0,0,0,0,0,0,0,1,0
"b640","[‘blue', 'pants’]",0,0,0,0,0,1,0,0,0,0,0,0,0,1,0
"b641","[‘blue', 'pants’]",0,0,0,0,0,1,0,0,0,0,0,0,0,1,0
"b642","[‘blue', 'pants’]",0,0,0,0,0,1,0,0,0,0,0,0,0,1,0
"b643","[‘blue', 'pants’]",0,0,0,0,0,1,0,0,0,0,0,0,0,1,0
"b644","[‘blue', 'pants’]",0,0,0,0,0,1,0,0,0,0,0,0,0,1,0
"b645","[‘blue', 'pants’]",0,0,0,0,0,1,0,0,0,0,0,0,0,1,0
"b646","[‘blue', 'pants’]",0,0,0,0,0,1,0,0,0,0,0,0,0,1,0
"b647","[‘blue', 'pants’]",0,0,0,0,0,1,0,0,0,0,0,0,0,1,0
"b648","[‘black', 'shorts’]",0,0,1,0,0,0,0,0,0,0,0,0,0,0,1
"b649","[‘red', 'shorts’]",0,1,0,0,0,0,0,0,0,0,0,0,0,0,1
"b650","[‘blue', 'shorts’]",0,0,0,0,0,1,0,0,0,0,0,0,0,0,1
"b651","[‘stripe', 'shorts’]",0,0,0,0,0,0,0,0,0,0,0,1,0,0,1
"b652","[‘black', 'pants’]",0,0,1,0,0,0,0,0,0,0,0,0,0,1,0
"b653","[‘black', 'pants’]",0,0,1,0,0,0,0,0,0,0,0,0,0,1,0
"b654","[‘black', 'pants’]",0,0,1,0,0,0,0,0,0,0,0,0,0,1,0
"b655","[‘black', 'pants’]",0,0,1,0,0,0,0,0,0,0,0,0,0,1,0
"b656","[‘black', 'pants’]",0,0,1,0,0,0,0,0,0,0,0,0,0,1,0
"b657","[‘black', 'pants’]",0,0,1,0,0,0,0,0,0,0,0,0,0,1,0
"b658","[‘black', 'pants’]",0,0,1,0,0,0,0,0,0,0,0,0,0,1,0
"b659","[‘black', 'pants’]",0,0,1,0,0,0,0,0,0,0,0,0,0,1,0
"b660","[‘black', 'pants’]",0,0,1,0,0,0,0,0,0,0,0,0,0,1,0
"b661","[‘black', 'pants’]",0,0,1,0,0,0,0,0,0,0,0,0,0,1,0
"b662","[‘black', 'pants’]",0,0,1,0,0,0,0,0,0,0,0,0,0,1,0
"b663","[‘black', 'pants’]",0,0,1,0,0,0,0,0,0,0,0,0,0,1,0
"b664","[‘black', 'pants’]",0,0,1,0,0,0,0,0,0,0,0,0,0,1,0
"b665","[‘black', 'pants’]",0,0,1,0,0,0,0,0,0,0,0,0,0,1,0
"b666","[‘black', 'pants’]",0,0,1,0,0,0,0,0,0,0,0,0,0,1,0
"b667","[‘black', 'pants’]",0,0,1,0,0,0,0,0,0,0,0,0,0,1,0
"b668","[‘black', 'pants’]",0,0,1,0,0,0,0,0,0,0,0,0,0,1,0
"b669","[‘black', 'pants’]",0,0,1,0,0,0,0,0,0,0,0,0,0,1,0
"b670","[‘black', 'pants’]",0,0,1,0,0,0,0,0,0,0,0,0,0,1,0
"b671","[‘red', 'skirt’]",0,1,0,0,0,0,0,0,0,0,0,0,1,0,0
"b672","[‘white', 'pants’]",1,0,0,0,0,0,0,0,0,0,0,0,0,1,0
"b673","[‘grey', 'pants’]",0,0,0,0,0,0,1,0,0,0,0,0,0,1,0
"b674","[‘grey', 'shorts’]",0,0,0,0,0,0,1,0,0,0,0,0,0,0,1
"b675","[‘blue', 'shorts’]",0,0,0,0,0,1,0,0,0,0,0,0,0,0,1
"b676","[‘stripe', 'pants’]",0,0,0,0,0,0,0,0,0,0,0,1,0,1,0
"b677","[‘pink', 'pants’]",0,0,0,1,0,0,0,0,0,0,0,0,0,1,0
"b678","[‘blue', 'shorts’]",0,0,0,0,0,1,0,0,0,0,0,0,0,0,1
"b679","[‘blue', 'skirt’]",0,0,0,0,0,1,0,0,0,0,0,0,1,0,0
"b680","[‘yellow', 'pants’]",0,0,0,0,0,0,0,0,1,0,0,0,0,1,0
"b681","[‘beige', 'shorts’]",0,0,0,0,1,0,0,0,0,0,0,0,0,0,1
"b682","[‘white', 'skirt’]",1,0,0,0,0,0,0,0,0,0,0,0,1,0,0
"b683","[‘black', 'shorts’]",0,0,1,0,0,0,0,0,0,0,0,0,0,0,1
"b684","[‘black', 'shorts’]",0,0,1,0,0,0,0,0,0,0,0,0,0,0,1
"b685","[‘black', 'shorts’]",0,0,1,0,0,0,0,0,0,0,0,0,0,0,1
"b686","[‘black', 'shorts’]",0,0,1,0,0,0,0,0,0,0,0,0,0,0,1
"b687","[‘black', 'shorts’]",0,0,1,0,0,0,0,0,0,0,0,0,0,0,1
"b688","[‘black', 'shorts’]",0,0,1,0,0,0,0,0,0,0,0,0,0,0,1
"b689","[‘black', 'shorts’]",0,0,1,0,0,0,0,0,0,0,0,0,0,0,1
"b690","[‘black', 'shorts’]",0,0,1,0,0,0,0,0,0,0,0,0,0,0,1
"b691","[‘stripe', 'pants’]",0,0,0,0,0,0,0,0,0,0,0,1,0,1,0
"b692","[‘stripe', 'skirt’]",0,0,0,0,0,0,0,0,0,0,0,1,1,0,0
"b693","[‘check', 'shorts’]",0,0,0,0,0,0,0,0,0,0,1,0,0,0,1
"b694","[‘check', 'pants’]",0,0,0,0,0,0,0,0,0,0,1,0,0,1,0
"b695","[‘yellow', 'pants’]",0,0,0,0,0,0,0,0,1,0,0,0,0,1,0
"b696","[‘black', 'skirt’]",0,0,1,0,0,0,0,0,0,0,0,0,1,0,0
"b697","[‘black', 'skirt’]",0,0,1,0,0,0,0,0,0,0,0,0,1,0,0
"b698","[‘black', 'skirt’]",0,0,1,0,0,0,0,0,0,0,0,0,1,0,0
"b699","[‘black', 'skirt’]",0,0,1,0,0,0,0,0,0,0,0,0,1,0,0
"b700","[‘black', 'skirt’]",0,0,1,0,0,0,0,0,0,0,0,0,1,0,0
"b701","[‘blue', 'pants’]",0,0,0,0,0,1,0,0,0,0,0,0,0,1,0
"b702","[‘beige', 'shorts’]",0,0,0,0,1,0,0,0,0,0,0,0,0,0,1
"b703","[‘white', 'skirt’]",1,0,0,0,0,0,0,0,0,0,0,0,1,0,0
"b704","[‘stripe', 'pants’]",0,0,0,0,0,0,0,0,0,0,0,1,0,1,0
"b705","[‘white', 'shorts’]",1,0,0,0,0,0,0,0,0,0,0,0,0,0,1
"b706","[‘white', 'pants’]",1,0,0,0,0,0,0,0,0,0,0,0,0,1,0
"b707","[‘white', 'pants’]",1,0,0,0,0,0,0,0,0,0,0,0,0,1,0
"b708","[‘black', 'pants’]",0,0,1,0,0,0,0,0,0,0,0,0,0,1,0
"b709","[‘black', 'pants’]",0,0,1,0,0,0,0,0,0,0,0,0,0,1,0
"b710","[‘black', 'pants’]",0,0,1,0,0,0,0,0,0,0,0,0,0,1,0
"b711","[‘black', 'pants’]",0,0,1,0,0,0,0,0,0,0,0,0,0,1,0
"b712","[‘black', 'pants’]",0,0,1,0,0,0,0,0,0,0,0,0,0,1,0
"b713","[‘check', 'shorts’]",0,0,0,0,0,0,0,0,0,0,1,0,0,0,1
"b714","[‘pink', 'pants’]",0,0,0,1,0,0,0,0,0,0,0,0,0,1,0
"b715","[‘grey', 'pants’]",0,0,0,0,0,0,1,0,0,0,0,0,0,1,0
"b716","[‘grey', 'pants’]",0,0,0,0,0,0,1,0,0,0,0,0,0,1,0
"b717","[‘grey', 'pants’]",0,0,0,0,0,0,1,0,0,0,0,0,0,1,0
"b718","[‘grey', 'pants’]",0,0,0,0,0,0,1,0,0,0,0,0,0,1,0
"b719","[‘grey', 'pants’]",0,0,0,0,0,0,1,0,0,0,0,0,0,1,0
"b720","[‘pink', 'pants’]",0,0,0,1,0,0,0,0,0,0,0,0,0,1,0
"b721","[‘brown', 'skirt’]",0,0,0,0,0,0,0,0,0,1,0,0,1,0,0
"b722","[‘blue', 'pants’]",0,0,0,0,0,1,0,0,0,0,0,0,0,1,0
"b723","[‘blue', 'pants’]",0,0,0,0,0,1,0,0,0,0,0,0,0,1,0
"b724","[‘blue', 'pants’]",0,0,0,0,0,1,0,0,0,0,0,0,0,1,0
"b725","[‘blue', 'pants’]",0,0,0,0,0,1,0,0,0,0,0,0,0,1,0
"b726","[‘blue', 'pants’]",0,0,0,0,0,1,0,0,0,0,0,0,0,1,0
"b727","[‘blue', 'pants’]",0,0,0,0,0,1,0,0,0,0,0,0,0,1,0
"b728","[‘pink', 'skirt’]",0,0,0,1,0,0,0,0,0,0,0,0,1,0,0
"b729","[‘pink', 'pants’]",0,0,0,1,0,0,0,0,0,0,0,0,0,1,0
"b730","[‘black', 'shorts’]",0,0,1,0,0,0,0,0,0,0,0,0,0,0,1
"b731","[‘blue', 'pants’]",0,0,0,0,0,1,0,0,0,0,0,0,0,1,0
"b732","[‘red', 'pants’]",0,1,0,0,0,0,0,0,0,0,0,0,0,1,0
"b733","[‘check', 'skirt’]",0,0,0,0,0,0,0,0,0,0,1,0,1,0,0
"b734","[‘white', 'skirt’]",1,0,0,0,0,0,0,0,0,0,0,0,1,0,0
